geoid,name,lat,lon,recovery_gap_h,relief_h,svi,population,built_share,veg_share,bare_share,classified,usable,built,vegetation,bare,water,transient,unclassified,unmapped
04013106200,1062,33.545781,-112.073833,2.8888,3.111,0.0779,3410.0,0.4217,0.5568,0.0216,0.9828,True,0.4144,0.5472,0.0212,0.0,0.0,0.0172,
04013104206,1042.06,33.574713,-112.145829,2.9888,3.011,0.6859,3711.0,0.4862,0.017,0.4967,0.9987,True,0.4856,0.017,0.4961,0.0,0.0,0.0013,
04013104205,1042.05,33.574802,-112.128486,3.0499,2.95,0.8493,6257.0,0.6337,0.2712,0.0951,0.9827,True,0.6227,0.2665,0.0935,0.0,0.0,0.0174,
04013105400,1054,33.560344,-112.091104,3.2939,2.706,0.3152,3677.0,0.3852,0.5065,0.1083,0.9805,True,0.3777,0.4966,0.1062,0.0,0.0,0.0195,
04013105601,1056.01,33.561076,-112.121251,3.3048,2.695,0.6351,4061.0,0.885,0.0145,0.1006,0.9962,True,0.8816,0.0144,0.1002,0.0,0.0,0.0039,
04013104501,1045.01,33.571391,-112.091074,3.6767,2.323,0.9885,4070.0,0.9797,0.0056,0.0147,0.9959,True,0.9757,0.0056,0.0146,0.0,0.0,0.0042,
04013106702,1067.02,33.534805,-112.086782,3.7358,2.264,0.5982,1290.0,0.4895,0.3031,0.2074,0.9767,True,0.4781,0.296,0.2026,0.0,0.0,0.0233,
04013107403,1074.03,33.515155,-112.095502,3.8728,2.127,0.8909,2200.0,0.61,0.1927,0.1973,0.8007,True,0.4884,0.1543,0.158,0.0,0.0,0.1993,
04013106001,1060.01,33.545886,-112.114594,3.9838,2.016,0.9682,1856.0,0.5944,0.3996,0.006,0.9962,True,0.5921,0.3981,0.006,0.0,0.0,0.0039,
04013107202,1072.02,33.520361,-112.125585,3.997,2.003,0.7691,5019.0,0.8862,0.0622,0.0516,0.7961,True,0.7055,0.0495,0.0411,0.0,0.0141,0.1898,
04013105800,1058,33.545764,-112.142927,3.9981,2.002,0.5352,6273.0,0.904,0.0788,0.0172,0.9728,True,0.8794,0.0767,0.0167,0.0,0.0,0.0273,
04013107001,1070.01,33.531571,-112.147228,4.0048,1.995,0.8233,4621.0,0.9827,0.0173,0.0,0.9951,True,0.9779,0.0172,0.0,0.0,0.0,0.0049,
04013107201,1072.01,33.513135,-112.12559,4.0065,1.994,0.9163,3129.0,0.5949,0.3835,0.0216,0.9985,True,0.594,0.3829,0.0216,0.0,0.0,0.0015,
04013107300,1073,33.516827,-112.108357,4.0084,1.992,0.9059,6830.0,0.9743,0.0257,0.0,0.9679,True,0.943,0.0249,0.0,0.0,0.0,0.0321,
04013106802,1068.02,33.531354,-112.105924,4.0218,1.978,0.9134,3315.0,0.646,0.2337,0.1203,0.9899,True,0.6395,0.2313,0.1191,0.0,0.0,0.0101,
04013112601,1126.01,33.463878,-112.143169,4.0495,1.951,0.955,3507.0,0.9503,0.0497,0.0,0.9977,True,0.9481,0.0496,0.0,0.0,0.0,0.0023,
04013106003,1060.03,33.542364,-112.105911,4.0599,1.94,0.9538,4037.0,0.9673,0.0327,0.0,0.8906,True,0.8615,0.0291,0.0,0.0,0.0,0.1095,
04013117300,1173,33.42193,-112.117129,4.0935,1.907,0.9988,2173.0,0.3384,0.0131,0.6485,0.9999,True,0.3384,0.0131,0.6484,0.0,0.0,0.0001,
04013112602,1126.02,33.457316,-112.14314,4.1632,1.837,0.9913,8704.0,0.864,0.1264,0.0096,0.993,True,0.858,0.1255,0.0095,0.0,0.0,0.007,
04013112202,1122.02,33.473578,-112.147375,4.2366,1.763,0.9931,4028.0,0.8827,0.0617,0.0556,0.9283,True,0.8194,0.0573,0.0516,0.0,0.0,0.0717,
04013109002,1090.02,33.505947,-112.106188,4.3549,1.645,0.9532,3948.0,0.7975,0.1929,0.0096,0.9584,True,0.7643,0.1849,0.0092,0.0,0.0,0.0416,
04013106300,1063,33.545915,-112.056349,4.5399,1.46,0.5173,5280.0,0.9277,0.0115,0.0608,0.9472,True,0.8787,0.0109,0.0576,0.0,0.0,0.0528,
04013106600,1066,33.531042,-112.07372,4.6543,1.346,0.5035,3649.0,0.6295,0.2677,0.1028,0.9996,True,0.6292,0.2676,0.1028,0.0,0.0,0.0004,
04013105200,1052,33.561932,-112.051535,4.7143,1.286,0.5572,6259.0,0.0,0.0,1.0,1.0,True,0.0,0.0,1.0,0.0,0.0,0.0,
04013108902,1089.02,33.504656,-112.09117,4.906,1.094,0.7968,5188.0,0.7615,0.1212,0.1173,0.995,True,0.7577,0.1206,0.1167,0.0,0.0,0.005,
04013108601,1086.01,33.498577,-112.059619,4.9848,1.015,0.9313,2441.0,0.8232,0.0984,0.0784,0.985,True,0.8109,0.0969,0.0772,0.0,0.0,0.015,
04013109102,1091.02,33.49948,-112.125631,4.9916,1.008,0.903,6646.0,1.0,0.0,0.0,1.0,True,1.0,0.0,0.0,0.0,0.0,0.0,
04013117000,1170,33.487815,-112.106439,4.9958,1.004,0.9677,7015.0,0.8972,0.1028,0.0,0.9896,True,0.8879,0.1017,0.0,0.0,0.0,0.0104,
04013106400,1064,33.531067,-112.037027,5.0022,0.998,0.3788,3265.0,0.1468,0.0207,0.6669,0.9961,True,0.1462,0.0206,0.6643,0.165,0.0,0.0039,
04013116800,1168,33.465908,-112.108533,5.0029,0.997,0.8227,2659.0,0.9022,0.0144,0.0834,0.9283,True,0.8375,0.0134,0.0774,0.0,0.0166,0.0551,
04013112100,1121,33.473227,-112.125755,5.0116,0.988,0.6969,3919.0,0.6255,0.1345,0.24,0.9919,True,0.6204,0.1334,0.2381,0.0,0.0,0.0081,
04013114302,1143.02,33.440443,-112.091276,5.0325,0.968,0.899,2711.0,0.9908,0.0092,0.0,0.9745,True,0.9655,0.009,0.0,0.0,0.0227,0.0028,
04013107602,1076.02,33.515924,-112.051883,5.0957,0.904,0.3718,2749.0,0.6339,0.15,0.2162,0.9928,True,0.6293,0.1489,0.2146,0.0,0.0056,0.0016,
04013110502,1105.02,33.487503,-112.06942,5.3197,0.68,0.5901,3264.0,0.9052,0.07,0.0248,0.9324,True,0.844,0.0653,0.0231,0.0,0.0057,0.062,
04013113100,1131,33.454954,-112.073889,5.3405,0.659,0.6553,5837.0,0.9674,0.0326,0.0,0.9985,True,0.9659,0.0326,0.0,0.0,0.0,0.0015,
04013114800,1148,33.421533,-112.09104,5.3705,0.629,0.9654,3120.0,0.2211,0.0,0.7789,0.431,False,0.0953,0.0,0.3357,0.0,0.0,0.569,
04013114900,1149,33.427997,-112.073804,5.5345,0.465,0.9688,2717.0,1.0,0.0,0.0,0.2523,False,0.2523,0.0,0.0,0.0,0.0,0.7477,
04013110701,1107.01,33.487469,-112.044785,5.9549,0.045,0.8603,2244.0,0.7863,0.1263,0.0874,0.9114,True,0.7166,0.1151,0.0797,0.0,0.0,0.0886,
04013110801,1108.01,33.491384,-112.021572,5.9941,0.006,0.7442,5025.0,0.7152,0.2111,0.0737,0.9553,True,0.6832,0.2017,0.0704,0.0,0.0,0.0447,
04013111501,1115.01,33.46968,-112.0257,5.9989,0.001,0.8112,2148.0,0.9007,0.04,0.0592,0.9941,True,0.8954,0.0398,0.0589,0.0,0.0,0.0059,
04013113800,1138,33.434921,-112.004381,5.9999,0.0,0.7234,2581.0,,,,0.0,False,0.0,0.0,0.0,0.0,0.0,1.0,
04013111401,1114.01,33.472803,-112.008555,6.0,0.0,0.7436,4473.0,0.9664,0.0178,0.0158,0.8375,True,0.8094,0.0149,0.0132,0.0,0.0,0.1626,
04013113503,1135.03,33.462212,-112.025152,6.0,0.0,0.9371,4826.0,0.601,0.1069,0.2921,0.9825,True,0.5905,0.105,0.287,0.0,0.0174,0.0001,
04013111602,1116.02,33.473049,-112.043062,6.0,0.0,0.8736,4646.0,0.931,0.069,0.0,0.9664,True,0.8997,0.0667,0.0,0.0,0.0072,0.0264,
04013114000,1140,33.444105,-112.056534,6.0,0.0,0.713,1865.0,1.0,0.0,0.0,0.0593,False,0.0593,0.0,0.0,0.0,0.0,0.9407,
04013108302,1083.02,33.498671,-112.004189,6.0,0.0,0.4151,3258.0,0.8463,0.0484,0.1053,0.9801,True,0.8295,0.0474,0.1032,0.0,0.0,0.02,
04013110702,1107.02,33.487543,-112.036069,6.0,0.0,0.6755,4571.0,0.9174,0.0826,0.0,0.9741,True,0.8936,0.0805,0.0,0.0,0.0,0.0259,
04013108301,1083.01,33.510515,-112.00417,6.0,0.0,0.2263,3902.0,0.5703,0.4192,0.0105,0.9995,True,0.57,0.419,0.0105,0.0,0.0,0.0006,
04013115400,1154,33.415197,-112.073368,6.0,0.0,0.9249,1688.0,0.9624,0.0319,0.0057,0.9949,True,0.9575,0.0317,0.0057,0.0,0.0,0.0051,
04013113204,1132.04,33.462231,-112.051293,6.0,0.0,0.7552,2484.0,0.6376,0.092,0.2704,0.8141,True,0.5191,0.0749,0.2201,0.0,0.0287,0.1572,
