FIPS,LOCATION,E_TOTPOP,E_AGE65,EP_AGE65,EP_POV150,EP_NOVEH,EP_DISABL,EP_UNINSUR,EP_MOBILE,EP_MUNIT,EP_AGE17,RPL_THEMES
04013104205,Census Tract 1042.05; Maricopa County; Arizona,6257,1045,16.7,28.0,22.9,24.9,16.6,0.0,54.4,17.4,0.8493
04013104206,Census Tract 1042.06; Maricopa County; Arizona,3711,521,14.0,20.9,2.3,19.0,10.9,0.6,2.1,19.7,0.6859
04013104402,Census Tract 1044.02; Maricopa County; Arizona,2474,491,19.8,16.1,14.5,16.4,9.3,24.8,51.8,18.0,0.7714
04013104501,Census Tract 1045.01; Maricopa County; Arizona,4070,310,7.6,49.2,16.3,15.8,22.8,9.0,31.9,27.6,0.9885
04013104600,Census Tract 1046; Maricopa County; Arizona,3956,586,14.8,35.1,8.5,16.3,11.9,0.0,39.5,14.3,0.8274
04013104701,Census Tract 1047.01; Maricopa County; Arizona,2944,376,12.8,25.7,10.4,11.9,13.3,2.0,30.0,14.0,0.8025
04013104702,Census Tract 1047.02; Maricopa County; Arizona,3778,581,15.4,39.3,16.7,20.9,22.7,14.3,11.3,18.0,0.9469
04013104801,Census Tract 1048.01; Maricopa County; Arizona,3904,724,18.5,8.8,2.1,5.7,3.0,0.0,3.7,17.4,0.1137
04013105101,Census Tract 1051.01; Maricopa County; Arizona,4299,877,20.4,4.6,0.6,8.2,3.0,0.0,2.1,21.5,0.0312
04013105102,Census Tract 1051.02; Maricopa County; Arizona,4687,1134,24.2,8.4,4.4,9.0,0.5,0.0,20.6,11.9,0.052
04013105103,Census Tract 1051.03; Maricopa County; Arizona,2969,1049,35.3,5.0,0.0,7.8,10.0,0.7,0.0,18.2,0.0497
04013105200,Census Tract 1052; Maricopa County; Arizona,6259,1300,20.8,16.2,3.5,9.3,8.2,2.5,25.4,16.6,0.5572
04013105300,Census Tract 1053; Maricopa County; Arizona,4868,1004,20.6,18.0,10.1,16.2,18.2,0.0,17.9,18.3,0.6403
04013105400,Census Tract 1054; Maricopa County; Arizona,3677,931,25.3,5.5,4.9,13.1,5.6,0.0,14.0,20.4,0.3152
04013105501,Census Tract 1055.01; Maricopa County; Arizona,2303,100,4.3,28.9,10.5,15.4,15.0,0.0,51.8,23.1,0.7223
04013105502,Census Tract 1055.02; Maricopa County; Arizona,1865,111,6.0,41.4,20.5,17.6,12.8,0.0,72.2,25.0,0.9244
04013105503,Census Tract 1055.03; Maricopa County; Arizona,4125,223,5.4,38.5,26.5,12.4,18.8,0.0,68.6,14.8,0.7379
04013105601,Census Tract 1056.01; Maricopa County; Arizona,4061,326,8.0,23.8,5.9,18.4,21.1,0.0,0.0,26.8,0.6351
04013105602,Census Tract 1056.02; Maricopa County; Arizona,6399,321,5.0,40.2,9.4,16.5,14.4,0.0,24.0,30.2,0.8464
04013105701,Census Tract 1057.01; Maricopa County; Arizona,3494,492,14.1,26.7,7.4,17.5,7.2,0.0,10.0,29.5,0.81
04013105702,Census Tract 1057.02; Maricopa County; Arizona,4287,381,8.9,28.3,9.0,16.9,18.6,1.9,17.2,27.6,0.8291
04013105800,Census Tract 1058; Maricopa County; Arizona,6273,872,13.9,10.7,2.2,9.5,12.5,0.5,0.0,23.5,0.5352
04013105900,Census Tract 1059; Maricopa County; Arizona,5360,949,17.7,23.8,23.3,13.4,12.2,1.1,25.2,22.5,0.9197
04013106001,Census Tract 1060.01; Maricopa County; Arizona,1856,167,9.0,42.3,12.9,13.7,15.5,7.0,3.9,22.0,0.9682
04013106002,Census Tract 1060.02; Maricopa County; Arizona,2603,539,20.7,29.2,14.5,12.1,25.5,0.0,30.6,17.5,0.7309
04013106003,Census Tract 1060.03; Maricopa County; Arizona,4037,298,7.4,39.7,9.6,13.2,28.6,0.0,21.6,33.7,0.9538
04013106100,Census Tract 1061; Maricopa County; Arizona,5835,1835,31.4,14.7,21.5,19.3,6.9,0.0,38.7,17.6,0.6732
04013106200,Census Tract 1062; Maricopa County; Arizona,3410,872,25.6,9.2,0.0,7.4,1.9,1.2,0.5,25.6,0.0779
04013106300,Census Tract 1063; Maricopa County; Arizona,5280,1429,27.1,11.5,16.8,24.3,5.7,0.7,34.6,15.8,0.5173
04013106400,Census Tract 1064; Maricopa County; Arizona,3265,419,12.8,14.1,1.8,14.1,11.1,1.7,9.3,19.3,0.3788
04013106501,Census Tract 1065.01; Maricopa County; Arizona,3035,356,11.7,12.6,11.2,9.9,6.7,0.0,17.3,28.4,0.5179
04013106502,Census Tract 1065.02; Maricopa County; Arizona,3692,671,18.2,16.8,6.9,13.0,11.2,0.6,40.4,15.5,0.6316
04013106600,Census Tract 1066; Maricopa County; Arizona,3649,1065,29.2,12.9,7.4,7.5,5.3,0.4,25.6,19.1,0.5035
04013106701,Census Tract 1067.01; Maricopa County; Arizona,4559,334,7.3,43.2,21.2,17.6,14.6,0.4,66.4,20.4,0.8839
04013106702,Census Tract 1067.02; Maricopa County; Arizona,1290,331,25.7,14.9,13.1,13.8,9.1,5.5,10.7,16.4,0.5982
04013106703,Census Tract 1067.03; Maricopa County; Arizona,2440,435,17.8,10.5,1.9,8.2,9.8,0.0,3.3,19.8,0.1859
04013106801,Census Tract 1068.01; Maricopa County; Arizona,4706,115,2.4,71.2,29.9,12.9,17.5,0.4,65.4,35.8,0.9833
04013106802,Census Tract 1068.02; Maricopa County; Arizona,3315,564,17.0,18.8,12.7,14.2,13.3,1.0,24.8,22.0,0.9134
04013106900,Census Tract 1069; Maricopa County; Arizona,8260,718,8.7,34.2,0.9,7.4,24.6,2.4,0.0,32.4,0.7107
04013107001,Census Tract 1070.01; Maricopa County; Arizona,4621,440,9.5,34.7,4.0,18.4,27.9,0.0,22.9,27.4,0.8233
04013107002,Census Tract 1070.02; Maricopa County; Arizona,3854,449,11.7,42.5,7.2,12.8,13.1,7.1,5.3,27.7,0.8868
04013107101,Census Tract 1071.01; Maricopa County; Arizona,5244,338,6.4,37.8,3.2,13.3,18.7,2.4,8.3,31.3,0.8661
04013107102,Census Tract 1071.02; Maricopa County; Arizona,5414,393,7.3,34.3,5.1,15.8,21.7,0.0,17.7,35.9,0.8666
04013107201,Census Tract 1072.01; Maricopa County; Arizona,3129,33,1.1,58.6,5.3,6.0,15.0,4.9,44.1,9.6,0.9163
04013107202,Census Tract 1072.02; Maricopa County; Arizona,5019,309,6.2,32.8,2.6,9.9,24.8,1.8,3.8,24.9,0.7691
04013107300,Census Tract 1073; Maricopa County; Arizona,6830,634,9.3,32.9,6.4,9.2,21.1,12.4,12.1,27.7,0.9059
04013107401,Census Tract 1074.01; Maricopa County; Arizona,2681,394,14.7,10.9,12.4,10.0,7.5,0.0,19.5,23.6,0.5416
04013107402,Census Tract 1074.02; Maricopa County; Arizona,1479,59,4.0,33.6,15.3,9.5,8.9,0.0,44.4,35.2,0.8355
04013107403,Census Tract 1074.03; Maricopa County; Arizona,2200,241,11.0,62.1,39.5,10.4,9.8,0.0,28.3,38.7,0.8909
04013107404,Census Tract 1074.04; Maricopa County; Arizona,1256,54,4.3,67.9,17.8,13.5,5.7,0.0,53.6,30.8,0.8389
04013107500,Census Tract 1075; Maricopa County; Arizona,3464,549,15.8,9.6,2.7,11.1,13.0,0.0,14.8,17.6,0.168
04013107601,Census Tract 1076.01; Maricopa County; Arizona,2980,750,25.2,23.6,16.4,16.4,7.3,0.0,47.6,10.1,0.4838
04013107602,Census Tract 1076.02; Maricopa County; Arizona,2749,281,10.2,16.2,8.7,13.2,5.9,0.0,28.9,17.9,0.3718
04013107700,Census Tract 1077; Maricopa County; Arizona,4117,682,16.6,4.7,10.2,10.5,4.2,0.0,45.3,13.8,0.1917
04013107800,Census Tract 1078; Maricopa County; Arizona,2523,1136,45.0,9.6,4.8,11.3,1.1,0.0,30.3,3.4,0.0768
04013108301,Census Tract 1083.01; Maricopa County; Arizona,3902,691,17.7,7.7,2.0,5.6,6.6,0.0,28.0,20.7,0.2263
04013108302,Census Tract 1083.02; Maricopa County; Arizona,3258,519,15.9,19.2,4.1,10.3,9.1,0.0,27.0,19.4,0.4151
04013108400,Census Tract 1084; Maricopa County; Arizona,5726,997,17.4,16.9,14.6,9.6,7.8,0.0,42.5,14.2,0.4925
04013108501,Census Tract 1085.01; Maricopa County; Arizona,2451,223,9.1,25.2,1.9,9.4,15.8,0.0,32.0,15.0,0.515
04013108502,Census Tract 1085.02; Maricopa County; Arizona,3376,355,10.5,10.8,2.7,6.3,12.1,0.0,52.9,7.7,0.1351
04013108601,Census Tract 1086.01; Maricopa County; Arizona,2441,334,13.7,33.0,18.8,23.8,15.4,0.0,45.1,17.9,0.9313
04013108602,Census Tract 1086.02; Maricopa County; Arizona,6667,863,12.9,30.7,2.3,11.1,12.7,0.0,61.2,16.4,0.7494
04013108802,Census Tract 1088.02; Maricopa County; Arizona,2118,174,8.2,20.0,14.2,9.9,19.7,0.0,52.5,8.2,0.5906
04013108901,Census Tract 1089.01; Maricopa County; Arizona,2364,242,10.2,20.7,12.5,11.8,14.0,0.0,25.8,17.3,0.4659
04013108902,Census Tract 1089.02; Maricopa County; Arizona,5188,358,6.9,30.6,17.5,16.1,10.9,1.1,16.2,22.2,0.7968
04013109001,Census Tract 1090.01; Maricopa County; Arizona,5037,136,2.7,50.6,25.0,10.8,35.8,1.2,63.4,30.2,0.9879
04013109002,Census Tract 1090.02; Maricopa County; Arizona,3948,171,4.3,46.8,13.5,12.4,23.5,0.0,51.1,30.9,0.9532
04013109003,Census Tract 1090.03; Maricopa County; Arizona,6402,332,5.2,48.0,19.2,12.6,20.8,3.2,36.2,35.3,0.9994
04013109101,Census Tract 1091.01; Maricopa County; Arizona,3798,339,8.9,42.7,1.4,10.2,29.6,0.0,0.0,28.7,0.7361
04013109102,Census Tract 1091.02; Maricopa County; Arizona,6646,485,7.3,44.6,23.5,12.5,23.1,0.0,22.3,33.7,0.903
04013109200,Census Tract 1092; Maricopa County; Arizona,4463,256,5.7,41.0,29.5,18.3,23.4,4.2,50.2,22.9,0.9786
04013110100,Census Tract 1101; Maricopa County; Arizona,6915,445,6.4,40.8,3.8,11.1,29.1,0.0,19.9,29.4,0.8482
04013110400,Census Tract 1104; Maricopa County; Arizona,4948,418,8.4,29.6,8.2,7.1,23.6,0.0,27.1,15.9,0.6438
04013110501,Census Tract 1105.01; Maricopa County; Arizona,3445,449,13.0,29.6,19.5,10.1,10.2,0.0,77.2,13.3,0.7015
04013110502,Census Tract 1105.02; Maricopa County; Arizona,3264,461,14.1,28.6,8.7,8.7,15.4,0.0,70.3,6.1,0.5901
04013110600,Census Tract 1106; Maricopa County; Arizona,4758,852,17.9,15.3,7.7,9.9,10.3,0.4,31.7,13.8,0.735
04013110701,Census Tract 1107.01; Maricopa County; Arizona,2244,225,10.0,29.3,9.4,9.0,19.4,4.7,38.8,12.5,0.8603
04013110702,Census Tract 1107.02; Maricopa County; Arizona,4571,421,9.2,25.8,6.4,9.1,15.1,0.7,16.2,20.2,0.6755
04013110801,Census Tract 1108.01; Maricopa County; Arizona,5025,564,11.2,23.2,6.3,5.4,19.3,1.6,28.9,21.2,0.7442
04013110802,Census Tract 1108.02; Maricopa County; Arizona,2401,568,23.7,26.9,7.4,14.4,7.8,0.0,7.6,16.4,0.5497
04013110901,Census Tract 1109.01; Maricopa County; Arizona,3528,510,14.5,19.4,23.5,14.5,7.7,0.0,34.2,21.1,0.7009
04013110902,Census Tract 1109.02; Maricopa County; Arizona,4617,464,10.0,27.6,11.0,12.2,14.7,0.0,22.3,23.8,0.7985
04013111401,Census Tract 1114.01; Maricopa County; Arizona,4473,296,6.6,24.5,3.7,10.3,39.5,0.0,12.0,27.4,0.7436
04013111402,Census Tract 1114.02; Maricopa County; Arizona,3471,260,7.5,33.6,23.5,16.3,10.2,1.9,36.3,21.3,0.8135
04013111501,Census Tract 1115.01; Maricopa County; Arizona,2148,120,5.6,27.4,8.3,5.1,32.2,7.7,2.6,29.1,0.8112
04013111502,Census Tract 1115.02; Maricopa County; Arizona,6440,528,8.2,34.5,8.6,11.1,23.4,7.0,14.3,28.0,0.9486
04013111601,Census Tract 1116.01; Maricopa County; Arizona,3376,220,6.5,44.8,5.7,10.2,40.5,12.2,7.5,31.8,0.8915
04013111602,Census Tract 1116.02; Maricopa County; Arizona,4646,157,3.4,38.7,11.9,9.1,42.1,1.1,15.4,21.9,0.8736
04013111700,Census Tract 1117; Maricopa County; Arizona,5554,598,10.8,14.6,5.3,10.5,13.3,0.5,7.0,20.0,0.5462
04013111800,Census Tract 1118; Maricopa County; Arizona,4695,680,14.5,22.3,7.9,7.4,7.9,0.5,41.6,16.8,0.3326
04013111900,Census Tract 1119; Maricopa County; Arizona,2522,502,19.9,10.7,2.7,6.8,1.5,0.0,0.0,19.1,0.0647
04013112100,Census Tract 1121; Maricopa County; Arizona,3919,250,6.4,25.9,4.7,9.8,26.8,0.0,0.0,24.9,0.6969
04013112201,Census Tract 1122.01; Maricopa County; Arizona,5002,411,8.2,38.2,9.3,10.7,29.3,0.0,2.6,26.9,0.7933
04013112202,Census Tract 1122.02; Maricopa County; Arizona,4028,998,24.8,51.8,13.5,21.7,21.9,0.0,32.4,24.0,0.9931
04013112514,Census Tract 1125.14; Maricopa County; Arizona,4533,233,5.1,15.4,2.7,7.6,11.6,0.9,0.0,27.3,0.4827
04013112601,Census Tract 1126.01; Maricopa County; Arizona,3507,284,8.1,53.9,20.5,11.9,22.0,0.0,34.8,31.1,0.955
04013112602,Census Tract 1126.02; Maricopa County; Arizona,8704,491,5.6,49.9,9.8,12.8,28.7,38.6,3.4,36.3,0.9913
04013112700,Census Tract 1127; Maricopa County; Arizona,7787,614,7.9,45.2,8.2,13.5,29.0,2.8,2.1,32.2,0.9024
04013112900,Census Tract 1129; Maricopa County; Arizona,4630,335,7.2,36.4,11.1,8.6,18.6,0.0,19.0,23.9,0.8181
04013113000,Census Tract 1130; Maricopa County; Arizona,4041,198,4.9,20.3,8.5,8.7,13.7,1.0,65.1,8.9,0.586
04013113100,Census Tract 1131; Maricopa County; Arizona,5837,501,8.6,47.9,22.5,14.2,13.5,0.0,64.6,7.1,0.6553
04013113201,Census Tract 1132.01; Maricopa County; Arizona,2244,143,6.4,40.9,11.8,5.9,17.8,0.0,0.0,24.6,0.7003
04013113202,Census Tract 1132.02; Maricopa County; Arizona,2141,95,4.4,42.5,14.0,8.6,30.6,0.0,8.1,24.8,0.8562
04013113204,Census Tract 1132.04; Maricopa County; Arizona,2484,282,11.4,24.4,18.9,17.5,20.1,0.0,20.4,12.7,0.7552
04013113301,Census Tract 1133.01; Maricopa County; Arizona,3748,325,8.7,66.0,30.3,13.0,17.7,3.7,14.1,33.6,0.9977
04013113502,Census Tract 1135.02; Maricopa County; Arizona,3243,160,4.9,54.3,11.1,5.9,34.8,0.0,32.5,39.7,0.918
04013113503,Census Tract 1135.03; Maricopa County; Arizona,4826,264,5.5,40.7,12.7,5.9,32.9,2.2,30.7,27.9,0.9371
04013113601,Census Tract 1136.01; Maricopa County; Arizona,4911,73,1.5,33.4,7.1,4.1,36.1,2.2,51.3,26.3,0.9169
04013113602,Census Tract 1136.02; Maricopa County; Arizona,4292,307,7.2,35.7,9.5,11.3,20.5,12.3,16.5,23.8,0.9584
04013113800,Census Tract 1138; Maricopa County; Arizona,2581,137,5.3,27.5,7.5,12.9,15.1,5.5,75.8,12.0,0.7234
04013113900,Census Tract 1139; Maricopa County; Arizona,1532,59,3.9,73.4,49.2,7.7,15.6,4.4,27.7,38.3,0.9659
04013114000,Census Tract 1140; Maricopa County; Arizona,1865,190,10.2,39.5,24.2,14.3,17.8,1.7,53.6,5.5,0.713
04013114100,Census Tract 1141; Maricopa County; Arizona,2061,78,3.8,27.5,32.8,22.3,2.8,0.0,89.6,0.5,0.4885
04013114200,Census Tract 1142; Maricopa County; Arizona,933,135,14.5,45.4,12.0,8.4,16.2,1.2,13.6,15.6,0.9088
04013114301,Census Tract 1143.01; Maricopa County; Arizona,868,53,6.1,62.6,14.7,25.5,10.9,0.0,5.9,18.8,0.7217
04013114302,Census Tract 1143.02; Maricopa County; Arizona,2711,210,7.7,59.1,28.2,16.9,8.8,0.9,23.3,37.8,0.899
04013114401,Census Tract 1144.01; Maricopa County; Arizona,1687,93,5.5,47.9,5.9,18.0,24.5,6.8,1.3,21.4,0.8441
04013114402,Census Tract 1144.02; Maricopa County; Arizona,1756,191,10.9,38.0,7.3,11.1,15.7,0.0,1.1,26.8,0.7783
04013114500,Census Tract 1145; Maricopa County; Arizona,4224,335,7.9,39.4,15.6,15.2,28.0,13.9,3.7,22.9,0.9157
04013114600,Census Tract 1146; Maricopa County; Arizona,1364,191,14.0,50.2,8.0,14.7,23.4,0.0,0.0,30.0,0.9579
04013114704,Census Tract 1147.04; Maricopa County; Arizona,1988,127,6.4,69.3,7.8,12.1,33.9,30.4,0.0,13.8,0.8574
04013114705,Census Tract 1147.05; Maricopa County; Arizona,3325,16,0.5,-999.0,-999.0,-999.0,-999.0,-999.0,-999.0,0.0,-999.0
04013114800,Census Tract 1148; Maricopa County; Arizona,3120,244,7.8,42.8,9.0,14.5,27.3,2.5,0.6,29.9,0.9654
04013114900,Census Tract 1149; Maricopa County; Arizona,2717,713,26.2,59.3,32.9,17.9,14.1,0.0,14.6,24.8,0.9688
04013115200,Census Tract 1152; Maricopa County; Arizona,3427,93,2.7,34.0,2.5,5.5,19.1,0.9,3.3,38.1,0.8187
04013115300,Census Tract 1153; Maricopa County; Arizona,2765,438,15.8,45.9,19.3,16.5,16.2,6.1,32.6,24.4,0.9983
04013115400,Census Tract 1154; Maricopa County; Arizona,1688,139,8.2,40.2,15.7,17.2,28.5,9.1,0.8,23.6,0.9249
04013116800,Census Tract 1168; Maricopa County; Arizona,2659,227,8.5,43.3,12.7,11.7,14.9,27.5,2.2,27.5,0.8227
04013116900,Census Tract 1169; Maricopa County; Arizona,2653,133,5.0,41.6,7.2,9.3,48.0,58.4,4.9,32.3,0.9711
04013117000,Census Tract 1170; Maricopa County; Arizona,7015,776,11.1,33.8,19.7,14.0,11.6,7.4,24.2,31.6,0.9677
04013117100,Census Tract 1171; Maricopa County; Arizona,2920,430,14.7,18.7,3.4,10.8,14.8,0.0,48.3,14.8,0.597
04013117200,Census Tract 1172; Maricopa County; Arizona,1136,81,7.1,55.3,8.5,9.3,23.9,0.0,1.0,24.8,0.7321
04013117300,Census Tract 1173; Maricopa County; Arizona,2173,146,6.7,77.2,22.5,22.8,19.5,15.2,1.1,40.4,0.9988
04013981000,Census Tract 9810; Maricopa County; Arizona,580,14,2.4,100.0,-999.0,0.0,0.0,-999.0,-999.0,1.9,-999.0
